output,param,S1,ST,S1_conf,ST_conf
RA,kp1,0.018261,0.030687,0.0751477,0.0725342
RA,km1,0.00118085,1.11128e-05,0.00151261,8.9081e-06
RA,k2,0.00426301,0.000193405,0.00488343,0.000206553
RA,kp3,0.000110016,3.06505e-07,0.000183955,4.28261e-07
RA,km3,-0.00016753,8.90046e-07,0.000500857,8.01721e-07
RA,kp4,0.000114826,7.59142e-07,0.000426139,1.02062e-06
RA,km4,0.000199957,2.54627e-07,0.000175746,2.65926e-07
RA,kp5,0.174614,0.398836,0.232627,0.283267
RA,km5,0.0314011,0.0605585,0.114203,0.0848391
RA,kp6,0.183001,0.264365,0.259435,0.170628
RA,km6,0.0114671,0.0808377,0.113043,0.080923
RA,k7,0.163224,0.0650347,0.123321,0.0792187
RA,k8,-0.0909238,0.278932,0.255599,0.185825
RA,kp9,0.00010319,2.52581e-07,0.000247265,2.48327e-07
RA,km9,-1.16872e-06,2.37478e-07,0.000220056,2.48286e-07
RA,k10,-4.74494e-05,2.97329e-07,0.000241233,2.87431e-07
RA,k14,0.0314596,0.0989549,0.121704,0.0786997
RA,k15,9.24986e-05,3.61245e-07,0.000195872,4.5634e-07
RA,v16,0.0813159,0.492457,0.345246,0.274274
RA,v17,2.92575e-05,2.82959e-07,0.00023423,2.98373e-07
RA,v18,-7.56607e-05,2.9797e-07,0.000205876,3.2878e-07
RA,v19,0.0123257,0.000381901,0.0134994,0.000319727
RA,k20,9.56441e-05,1.96585e-07,0.000226227,1.84715e-07
RA,k21,0.000158432,5.33092e-07,0.000184293,6.76537e-07
RA,k22,0.000418352,7.91572e-07,0.000390505,1.0289e-06
RA,k23,0.00144576,0.000118506,0.00525566,0.00010244
RA,MCsynth,0.317659,0.550666,0.306913,0.41208
RA,gamma1,0.0978236,0.024092,0.157139,0.0386901
RA,retef,-9.44603e-05,3.65246e-07,0.000394011,2.60595e-07
RA,wntef,-4.37071e-05,4.1922e-07,0.000208547,4.9783e-07
CYP26A1,kp1,0.38396,0.191313,0.850832,0.411091
CYP26A1,km1,-0.00199721,3.17578e-06,0.00704778,1.13444e-05
CYP26A1,k2,-6.93181e-05,1.71649e-06,0.00325221,5.56124e-06
CYP26A1,kp3,-0.0016151,3.23513e-06,0.0057301,1.12029e-05
CYP26A1,km3,0.000139787,8.21069e-08,0.00127524,1.77591e-07
CYP26A1,kp4,-0.000371075,5.37964e-07,0.00245386,1.48121e-06
CYP26A1,km4,0.000104271,1.83061e-07,0.00112749,6.22478e-07
CYP26A1,kp5,0.364177,0.57563,1.4814,0.901467
CYP26A1,km5,0.410467,0.191569,0.848051,0.411358
CYP26A1,kp6,0.130286,0.671281,3.13381,1.22091
CYP26A1,km6,0.359182,0.199532,0.852264,0.425418
CYP26A1,k7,0.428256,0.197998,0.872627,0.420336
CYP26A1,k8,0.273199,0.670404,2.01326,0.757876
CYP26A1,kp9,-0.000332373,6.3486e-07,0.00261963,1.92813e-06
CYP26A1,km9,-0.00067715,5.14325e-07,0.00241294,1.47265e-06
CYP26A1,k10,-0.00160295,2.85957e-06,0.00538096,1.01193e-05
CYP26A1,k14,0.396698,0.214992,0.906843,0.442538
CYP26A1,k15,0.00149653,2.10176e-06,0.00533698,7.22075e-06
CYP26A1,v16,-0.0966365,0.383613,2.08607,1.47574
CYP26A1,v17,-0.000916678,7.19734e-07,0.00232754,1.79322e-06
CYP26A1,v18,-0.00243323,5.43049e-06,0.00829784,1.94092e-05
CYP26A1,v19,-0.00297908,4.78051e-06,0.00693657,1.27032e-05
CYP26A1,k20,-0.00299456,9.15618e-06,0.00992257,3.25852e-05
CYP26A1,k21,0.000296027,4.22056e-08,0.000806687,1.17234e-07
CYP26A1,k22,-0.00036547,1.62173e-07,0.00080734,2.65473e-07
CYP26A1,k23,-0.000260246,1.49922e-06,0.00330211,4.55875e-06
CYP26A1,MCsynth,0.519648,171990,1.52918,246953
CYP26A1,gamma1,-0.376175,0.15424,1.12817,0.463451
CYP26A1,retef,0.00180128,3.86733e-06,0.0068575,1.3566e-05
CYP26A1,wntef,-0.00265042,8.28981e-06,0.00875853,2.9276e-05
APC,kp1,0.0156639,0.0197036,0.0731352,0.0653252
APC,km1,0.000804762,8.62738e-06,0.00144087,1.23697e-05
APC,k2,0.00151227,9.42698e-05,0.00386728,0.000128277
APC,kp3,-8.10619e-05,4.00087e-07,0.000240136,6.68887e-07
APC,km3,-0.000292744,1.06095e-06,0.000477018,1.41433e-06
APC,kp4,-0.000108958,9.53314e-07,0.000559872,1.47483e-06
APC,km4,2.58095e-05,5.82968e-07,0.000414729,8.94858e-07
APC,kp5,0.237382,2.58927,0.337338,3.17428
APC,km5,0.0103478,0.0505668,0.113914,0.0893605
APC,kp6,0.0543748,0.466541,0.240353,0.323325
APC,km6,-0.00875349,0.122706,0.120644,0.109516
APC,k7,0.111663,0.0557046,0.154057,0.0938561
APC,k8,-0.0907978,0.35603,0.335339,0.318488
APC,kp9,-0.000173527,3.90697e-07,0.000329396,5.89683e-07
APC,km9,-3.68587e-05,3.55998e-07,0.000278323,6.09622e-07
APC,k10,-0.000101675,3.41789e-07,0.000201402,4.95362e-07
APC,k14,0.00753538,0.120822,0.151672,0.0889426
APC,k15,5.97379e-06,5.8347e-07,0.000358877,9.08237e-07
APC,v16,-0.0631687,0.549759,0.296919,0.408917
APC,v17,1.89504e-05,3.69586e-07,0.000196782,6.27511e-07
APC,v18,-0.000102229,6.30604e-07,0.000385953,1.00217e-06
APC,v19,0.00767949,0.000167343,0.00829713,0.000175894
APC,k20,1.23658e-05,2.26892e-07,0.000304861,3.90874e-07
APC,k21,3.64991e-05,8.93182e-07,0.00038151,1.6802e-06
APC,k22,0.000179661,5.3317e-07,0.000335826,9.11008e-07
APC,k23,0.000902034,7.19883e-05,0.00435478,9.13026e-05
APC,MCsynth,0.194047,0.481353,0.284856,0.345281
APC,gamma1,0.0868648,0.0164911,0.149689,0.028235
APC,retef,-0.00664485,0.0227382,0.0805097,0.0282698
APC,wntef,-0.000152565,6.87295e-07,0.000352325,1.47607e-06
b-catenin,kp1,-0.013396,0.0668108,0.0437866,0.142051
b-catenin,km1,0.00177145,3.11121e-05,0.00270439,2.05369e-05
b-catenin,k2,0.00999784,0.000967568,0.0133545,0.00111248
b-catenin,kp3,-7.66713e-05,3.00555e-06,0.000808313,3.14745e-06
b-catenin,km3,-0.000302573,4.63105e-06,0.000913786,4.03818e-06
b-catenin,kp4,-0.000249217,3.26116e-06,0.00109494,3.8916e-06
b-catenin,km4,-0.000445791,2.92984e-06,0.00118163,4.50169e-06
b-catenin,kp5,0.150812,0.482623,0.251256,0.485441
b-catenin,km5,-0.00224626,0.083917,0.0629056,0.1554
b-catenin,kp6,0.0926088,0.309757,0.175502,0.206818
b-catenin,km6,-0.00265144,0.102111,0.0909119,0.14505
b-catenin,k7,0.129024,0.0881063,0.0868915,0.149398
b-catenin,k8,-0.175898,0.439773,0.284419,0.294677
b-catenin,kp9,-0.000432074,3.36479e-06,0.00101106,3.74064e-06
b-catenin,km9,-0.000222136,3.38348e-06,0.000642067,4.18061e-06
b-catenin,k10,-0.000432439,2.15774e-06,0.000708159,2.1737e-06
b-catenin,k14,-0.0102069,0.087383,0.11205,0.0725573
b-catenin,k15,-0.000236267,3.76781e-06,0.000887521,4.21947e-06
b-catenin,v16,0.134677,0.487197,0.318817,0.279996
b-catenin,v17,-0.000616758,1.8341e-06,0.000840383,2.32807e-06
b-catenin,v18,-0.000559232,5.34779e-06,0.00140487,7.35331e-06
b-catenin,v19,0.023368,0.00171075,0.0258201,0.00172656
b-catenin,k20,-0.000510017,2.92e-06,0.00107583,4.53871e-06
b-catenin,k21,-0.000161228,4.95595e-06,0.00101496,6.43834e-06
b-catenin,k22,-0.000121345,4.95758e-06,0.000962718,7.39045e-06
b-catenin,k23,0.000996495,0.000478283,0.00889762,0.000465825
b-catenin,MCsynth,0.246391,0.566992,0.275592,0.465745
b-catenin,gamma1,0.0992329,0.0395381,0.164958,0.0650797
b-catenin,retef,0.00562784,0.0308706,0.0638719,0.0259386
b-catenin,wntef,-0.000302899,4.19784e-06,0.00095005,5.37331e-06
HOXA5,kp1,0.12458,0.071465,0.251209,0.142868
HOXA5,km1,-0.000181032,1.69879e-06,0.000590121,1.04713e-06
HOXA5,k2,0.000323327,2.94244e-05,0.00242559,3.00588e-05
HOXA5,kp3,0.000379175,9.07231e-07,0.000393284,1.11073e-06
HOXA5,km3,-0.000111468,9.46271e-07,0.000439288,6.52059e-07
HOXA5,kp4,0.000259952,9.76013e-07,0.000402686,9.34367e-07
HOXA5,km4,0.00012035,1.10919e-06,0.000364524,1.46055e-06
HOXA5,kp5,0.100253,0.377182,0.403112,0.483524
HOXA5,km5,0.120558,0.0741772,0.253468,0.143915
HOXA5,kp6,0.039415,0.135879,0.307295,0.145124
HOXA5,km6,0.117301,0.0812577,0.25856,0.142837
HOXA5,k7,0.137227,0.0745198,0.252762,0.143198
HOXA5,k8,0.0377861,0.167298,0.303392,0.162822
HOXA5,kp9,6.57812e-05,5.46632e-07,0.000326328,5.99639e-07
HOXA5,km9,-6.32357e-05,4.70051e-07,0.0003244,3.44713e-07
HOXA5,k10,-5.62291e-05,4.24054e-07,0.000427701,4.19009e-07
HOXA5,k14,0.0202659,0.0219682,0.105232,0.0311616
HOXA5,k15,0.032721,0.0393589,0.12471,0.0217748
HOXA5,v16,-0.0592799,0.102297,0.173718,0.0961149
HOXA5,v17,-0.0302181,0.0275271,0.0832433,0.0135945
HOXA5,v18,0.000236705,1.659e-06,0.000563147,1.91703e-06
HOXA5,v19,-0.00231731,3.93788e-05,0.00261822,3.84581e-05
HOXA5,k20,-0.000215712,6.08368e-07,0.0002818,9.42096e-07
HOXA5,k21,-6.59102e-05,8.71992e-07,0.000327832,9.42056e-07
HOXA5,k22,0.000140888,7.76107e-07,0.00030225,8.68124e-07
HOXA5,k23,-0.00123854,1.62791e-05,0.00176541,1.3014e-05
HOXA5,MCsynth,0.100867,0.103707,0.246639,0.114772
HOXA5,gamma1,0.730723,0.745303,0.321887,0.330182
HOXA5,retef,-0.00665829,0.0019296,0.0269606,0.00115044
HOXA5,wntef,-0.000200139,8.46529e-07,0.000311906,1.00681e-06
MYC,kp1,0.088745,0.0577271,0.190772,0.123012
MYC,km1,-8.1532e-05,2.10745e-06,0.000802621,1.3396e-06
MYC,k2,0.00105656,4.15145e-05,0.00267261,4.52627e-05
MYC,kp3,0.000411735,8.9118e-07,0.000504661,1.0875e-06
MYC,km3,-0.000193561,9.88028e-07,0.000499498,6.59616e-07
MYC,kp4,0.000209771,1.02328e-06,0.000421116,1.02111e-06
MYC,km4,4.59001e-05,1.15653e-06,0.000472382,1.4915e-06
MYC,kp5,0.0491188,0.335851,0.335984,0.485986
MYC,km5,0.0798125,0.0607971,0.193402,0.12444
MYC,kp6,0.0265719,0.136686,0.239395,0.137619
MYC,km6,0.0820696,0.0684134,0.203682,0.123855
MYC,k7,0.107666,0.0612357,0.193867,0.123639
MYC,k8,0.0161617,0.172865,0.242123,0.167429
MYC,kp9,1.5749e-05,5.85265e-07,0.000394025,6.28816e-07
MYC,km9,-0.000150308,4.919e-07,0.000366908,3.58258e-07
MYC,k10,-0.000129329,4.3277e-07,0.000505875,4.03119e-07
MYC,k14,0.0412523,0.0173983,0.0751373,0.019467
MYC,k15,-0.00016263,8.09271e-07,0.000453978,8.09187e-07
MYC,v16,-0.0486266,0.0873075,0.169276,0.0622377
MYC,v17,0.000169277,1.88336e-07,0.000288095,1.01545e-07
MYC,v18,9.70799e-05,1.71889e-06,0.000625944,1.93981e-06
MYC,v19,-0.0027661,5.57373e-05,0.00268412,5.59181e-05
MYC,k20,-0.000318601,6.58388e-07,0.000351379,9.93642e-07
MYC,k21,-0.00015095,9.31626e-07,0.000404621,9.85815e-07
MYC,k22,7.13646e-05,7.90679e-07,0.000367363,8.78742e-07
MYC,k23,-0.000956269,2.24817e-05,0.00208434,1.94264e-05
MYC,MCsynth,0.072583,0.0984491,0.19721,0.097332
MYC,gamma1,0.802129,0.816949,0.373273,0.366359
MYC,retef,-0.0110814,0.00240639,0.0315495,0.00135215
MYC,wntef,-0.000269929,8.78662e-07,0.000446619,1.00758e-06
HOXA13,kp1,0.0262163,0.0254551,0.0797019,0.0473106
HOXA13,km1,0.000505455,6.86214e-05,0.00400954,7.29284e-05
HOXA13,k2,-0.00634519,0.000341612,0.0083231,0.000226301
HOXA13,kp3,0.00157573,3.7633e-05,0.00343164,4.46629e-05
HOXA13,km3,-0.00102484,2.5724e-05,0.00175393,2.75445e-05
HOXA13,kp4,0.000354696,1.30907e-05,0.00168272,1.39359e-05
HOXA13,km4,-0.000945126,1.78256e-05,0.00142523,1.94784e-05
HOXA13,kp5,0.0403127,0.1931,0.205121,0.103224
HOXA13,km5,0.0401074,0.0511899,0.106888,0.0552593
HOXA13,kp6,0.177972,0.262241,0.198288,0.162273
HOXA13,km6,0.0434413,0.0657529,0.111566,0.0670333
HOXA13,k7,0.136092,0.0760516,0.123779,0.0643122
HOXA13,k8,-0.0301237,0.172371,0.162791,0.115643
HOXA13,kp9,-0.000583861,1.86209e-05,0.00176536,1.56312e-05
HOXA13,km9,-0.000270015,3.47849e-05,0.00157236,4.83714e-05
HOXA13,k10,0.00176276,3.08106e-05,0.00363624,4.70444e-05
HOXA13,k14,0.0502678,0.169996,0.177252,0.131247
HOXA13,k15,0.000718462,4.95583e-05,0.00213639,7.32406e-05
HOXA13,v16,0.175145,0.474095,0.340124,0.270035
HOXA13,v17,-0.000234639,1.45094e-05,0.00102193,1.77588e-05
HOXA13,v18,0.00178918,2.08217e-05,0.00182657,2.02984e-05
HOXA13,v19,0.00753933,0.000537154,0.0158224,0.000333008
HOXA13,k20,0.000468266,1.2446e-05,0.000763405,2.01595e-05
HOXA13,k21,-0.000859776,1.6045e-05,0.00182353,1.10803e-05
HOXA13,k22,0.000400195,2.65891e-05,0.00173932,2.18478e-05
HOXA13,k23,-0.000511889,0.000394865,0.0107958,0.000305794
HOXA13,MCsynth,0.292296,0.605374,0.318385,0.327974
HOXA13,gamma1,0.0551942,0.0280584,0.100955,0.0490661
HOXA13,retef,0.034486,0.0779231,0.0995745,0.0640801
HOXA13,wntef,-0.000385999,1.22562e-05,0.00150194,9.19738e-06
Bcat-TCF,kp1,0.100742,0.0793109,0.225517,0.171218
Bcat-TCF,km1,-0.000248605,4.23164e-06,0.00109915,2.60017e-06
Bcat-TCF,k2,0.00189997,0.000120689,0.00408607,0.00015336
Bcat-TCF,kp3,5.91917e-05,5.77218e-07,0.000371491,6.1471e-07
Bcat-TCF,km3,-0.000310142,9.09517e-07,0.000470307,6.04108e-07
Bcat-TCF,kp4,5.81969e-05,7.95596e-07,0.000359659,8.17065e-07
Bcat-TCF,km4,-3.44476e-05,7.8089e-07,0.000425242,9.71734e-07
Bcat-TCF,kp5,0.111524,0.25266,0.323969,0.310555
Bcat-TCF,km5,0.0926907,0.0838748,0.227584,0.175227
Bcat-TCF,kp6,0.063122,0.157755,0.266063,0.177383
Bcat-TCF,km6,0.0884928,0.0893267,0.238863,0.171882
Bcat-TCF,k7,0.131453,0.0845364,0.23032,0.173602
Bcat-TCF,k8,0.0119759,0.240527,0.297594,0.223793
Bcat-TCF,kp9,-0.000148698,5.97029e-07,0.000393637,5.58938e-07
Bcat-TCF,km9,-0.000232199,5.18619e-07,0.000421125,5.16819e-07
Bcat-TCF,k10,-0.000183598,3.8053e-07,0.000450953,2.93067e-07
Bcat-TCF,k14,0.0515161,0.0213143,0.0872777,0.0230223
Bcat-TCF,k15,-0.000275948,7.42885e-07,0.000451825,6.95783e-07
Bcat-TCF,v16,-0.0300555,0.105314,0.154437,0.0649832
Bcat-TCF,v17,2.41451e-05,2.52971e-07,0.00024736,1.96578e-07
Bcat-TCF,v18,-0.000168173,1.23026e-06,0.00054232,1.24693e-06
Bcat-TCF,v19,-0.00311358,0.00020786,0.00513006,0.000221413
Bcat-TCF,k20,-0.000336242,6.01219e-07,0.000368259,8.38999e-07
Bcat-TCF,k21,-0.000333326,8.88325e-07,0.000442033,8.48323e-07
Bcat-TCF,k22,-0.000147174,7.74179e-07,0.000437562,7.2739e-07
Bcat-TCF,k23,-0.00155116,6.12061e-05,0.0032861,5.57998e-05
Bcat-TCF,MCsynth,0.0867938,0.137156,0.206621,0.116979
Bcat-TCF,gamma1,0.742496,0.769237,0.381429,0.354411
Bcat-TCF,retef,-0.0168447,0.00465967,0.0438482,0.00235893
Bcat-TCF,wntef,-0.000374592,7.62413e-07,0.000443657,7.84579e-07
Stemness,kp1,-0.0107036,0.063578,0.0456975,0.136776
Stemness,km1,0.00169235,2.89445e-05,0.00259241,1.9774e-05
Stemness,k2,0.00926566,0.00088444,0.0125976,0.00102904
Stemness,kp3,-6.33027e-05,2.6837e-06,0.000757683,2.82736e-06
Stemness,km3,-0.00029072,4.17315e-06,0.00086429,3.63448e-06
Stemness,kp4,-0.000225858,2.96172e-06,0.00103485,3.54771e-06
Stemness,km4,-0.000405978,2.61676e-06,0.00110779,4.00934e-06
Stemness,kp5,0.155959,0.502398,0.25495,0.499677
Stemness,km5,-0.00134987,0.0814514,0.0663558,0.149682
Stemness,kp6,0.0962892,0.310277,0.174983,0.203019
Stemness,km6,-0.00195967,0.101745,0.0939325,0.139842
Stemness,k7,0.131431,0.085808,0.0904324,0.143665
Stemness,k8,-0.173137,0.429341,0.285649,0.287377
Stemness,kp9,-0.000404091,2.99289e-06,0.000947782,3.34111e-06
Stemness,km9,-0.000206685,3.01758e-06,0.000599878,3.75332e-06
Stemness,k10,-0.000398632,1.90515e-06,0.000657693,1.91563e-06
Stemness,k14,-0.00708481,0.0889467,0.112108,0.0721089
Stemness,k15,-0.00021276,3.38411e-06,0.000832244,3.81222e-06
Stemness,v16,0.126644,0.485563,0.32004,0.271417
Stemness,v17,-0.000582871,1.65479e-06,0.000789569,2.08539e-06
Stemness,v18,-0.000515901,4.73365e-06,0.00131548,6.5257e-06
Stemness,v19,0.022689,0.00156407,0.0250506,0.00156903
Stemness,k20,-0.000468364,2.55948e-06,0.000998237,3.97925e-06
Stemness,k21,-0.000138995,4.49949e-06,0.000953825,5.90559e-06
Stemness,k22,-8.1713e-05,4.40261e-06,0.00089566,6.55962e-06
Stemness,k23,0.000891854,0.000441695,0.0087517,0.000431866
Stemness,MCsynth,0.247745,0.555967,0.27597,0.442563
Stemness,gamma1,0.10056,0.0382286,0.166688,0.0627453
Stemness,retef,0.00630369,0.0301328,0.0636794,0.0254947
Stemness,wntef,-0.000292242,3.79831e-06,0.000890856,4.94544e-06
