output,param,mu,mu_star,sigma,mu_star_conf,nonlinear_flag
b-catenin,thetaP,-0.194096221,0.194096221,0.05527400625,0.01727743489,False
b-catenin,DR,-0.02064888412,0.02064888412,0.005262347839,0.001659237127,False
b-catenin,AR,-0.00689271709,0.00689271709,0.002028063799,0.0006844924185,False
b-catenin,etaR,-0.1802775663,0.1802775663,0.029877488,0.009056084876,False
b-catenin,etaM,0.1354013834,0.1354013834,0.0320744385,0.01119320777,False
b-catenin,eta13,0.2981957628,0.2981957628,0.03870090831,0.01389799808,False
b-catenin,etaB13,0.09083961958,0.09083961958,0.01952767065,0.005238998503,False
b-catenin,etaBM,0.05907624581,0.05907624581,0.01767997125,0.005719917327,False
b-catenin,etaBC,0.02966482695,0.02966482695,0.008835363176,0.002402883718,False
b-catenin,lambdaC,0.04837222949,0.04837222949,0.01063818889,0.003009573347,False
b-catenin,lambdaP,-0.1682506915,0.1682506915,0.04214656293,0.01305134155,False
b-catenin,lambda5,-0.1516855804,0.1516855804,0.03465947612,0.009886813695,False
b-catenin,rhoB,0.03473018005,0.03473018005,0.01064745067,0.003659516998,False
b-catenin,rho13,0.07820041586,0.07820041586,0.02475162503,0.008636487989,False
APC,thetaP,0.3352760823,0.3352760823,0.2211862898,0.06281315852,True
APC,DR,0.02459379049,0.02459379049,0.02522442388,0.008213435481,True
APC,AR,0.004856756473,0.004856756473,0.00551970913,0.002041822561,True
APC,etaR,0.1523498174,0.1523498174,0.1549466207,0.04539350849,True
APC,etaM,-0.09808155796,0.09808155796,0.07854114033,0.02397146869,True
APC,eta13,-0.08572320176,0.08572320176,0.0678280485,0.02529644164,True
APC,etaB13,-0.07035022059,0.07035022059,0.03732877625,0.01105756547,True
APC,etaBM,-0.05220972239,0.05220972239,0.04687990671,0.01611980681,True
APC,etaBC,-0.01656033707,0.01656033707,0.01124943488,0.003335344959,True
APC,lambdaC,-0.03760279014,0.03760279014,0.03306875556,0.009672746568,True
APC,lambdaP,0.05848720698,0.05848720698,0.05941563241,0.01914587994,True
APC,lambda5,0.05810895551,0.05810895551,0.06401686736,0.01952141649,True
APC,rhoB,-0.05595167946,0.05595167946,0.02728104155,0.009693785594,False
APC,rho13,-0.1362352525,0.1362352525,0.08058764888,0.0223416599,True
HOXA5,thetaP,0.04211881454,0.04211881454,0.04348283103,0.01259423817,True
HOXA5,DR,0.04026422707,0.04026422707,0.02000902493,0.006405921506,False
HOXA5,AR,0.00989013119,0.00989013119,0.004061909993,0.001511809575,False
HOXA5,etaR,0.2808539078,0.2808539078,0.101508232,0.03088775038,False
HOXA5,etaM,-0.2065734679,0.2065734679,0.06469766895,0.01917083641,False
HOXA5,eta13,-0.04655946542,0.04655946542,0.03599037267,0.01210124749,True
HOXA5,etaB13,-0.01490664757,0.01490664757,0.0125476421,0.003768910473,True
HOXA5,etaBM,-0.05969862032,0.05969862032,0.02821807521,0.009221551071,False
HOXA5,etaBC,-0.04108798263,0.04108798263,0.01240426756,0.003360991794,False
HOXA5,lambdaC,-0.07390035242,0.07390035242,0.02626629664,0.00768992792,False
HOXA5,lambdaP,0.03343937955,0.03343937955,0.02881703271,0.009538301288,True
HOXA5,lambda5,0.03351715712,0.03351715712,0.03489989907,0.01045439387,True
HOXA5,rhoB,-0.006944901788,0.006944901788,0.005765989616,0.001951255165,True
HOXA5,rho13,-0.01753865499,0.01753865499,0.01668437703,0.004273397324,True
HOXA13,thetaP,-0.1576114579,0.1576114579,0.1071105083,0.03159620321,True
HOXA13,DR,-0.02328871598,0.02328871598,0.01578527844,0.005490904353,True
HOXA13,AR,-0.005481707257,0.005481707257,0.004901248016,0.001852204991,True
HOXA13,etaR,-0.155723147,0.155723147,0.09876796262,0.03221951992,True
HOXA13,etaM,0.1162917221,0.1162917221,0.06717638025,0.02019127261,True
HOXA13,eta13,0.2021412546,0.2021412546,0.08819901923,0.02978579077,False
HOXA13,etaB13,0.4338731544,0.4338731544,0.05099812907,0.01472617841,False
HOXA13,etaBM,0.1354072186,0.1354072186,0.04597724938,0.01484929229,False
HOXA13,etaBC,0.01996724536,0.01996724536,0.0123744674,0.003612782436,True
HOXA13,lambdaC,0.03933925109,0.03933925109,0.02377403194,0.006433997239,True
HOXA13,lambdaP,-0.1282329754,0.1282329754,0.07322836221,0.0223558446,True
HOXA13,lambda5,-0.1230792987,0.1230792987,0.07951693835,0.02407694149,True
HOXA13,rhoB,0.02676109751,0.02676109751,0.01501488144,0.00505996066,True
HOXA13,rho13,0.06652067027,0.06652067027,0.0454903532,0.0132337855,True
MYC,thetaP,-0.1719573544,0.1719573544,0.09975652051,0.03047053353,True
MYC,DR,-0.02484839198,0.02484839198,0.01401032816,0.004607859193,True
MYC,AR,-0.006016212947,0.006016212947,0.004454827621,0.001701938046,True
MYC,etaR,-0.178883185,0.178883185,0.1004005744,0.0349834034,True
MYC,etaM,0.1290350866,0.1290350866,0.06435156711,0.01982708735,False
MYC,eta13,0.2346172774,0.2346172774,0.09179392197,0.02943973011,False
MYC,etaB13,0.07118201218,0.07118201218,0.02850220677,0.008785465331,False
MYC,etaBM,0.5735278607,0.5735278607,0.07142840584,0.02282524976,False
MYC,etaBC,0.02403531794,0.02403531794,0.01349318203,0.003808100137,True
MYC,lambdaC,0.04264776119,0.04264776119,0.02384454701,0.00642644073,True
MYC,lambdaP,-0.1457311886,0.1457311886,0.07077424336,0.02110508376,False
MYC,lambda5,-0.131331443,0.131331443,0.07321526305,0.02322145126,True
MYC,rhoB,0.03043767529,0.03043767529,0.0153978125,0.005258406068,True
MYC,rho13,0.07389249783,0.07389249783,0.04436448142,0.01358264608,True
RA,thetaP,0.02250625028,0.02250625028,0.01430078274,0.004580094147,True
RA,DR,0.0943343043,0.0943343043,0.0189775332,0.006330667133,False
RA,AR,0.01040390645,0.01040390645,0.001994503904,0.0007362740439,False
RA,etaR,0.023967084,0.023967084,0.01270980108,0.003987981642,True
RA,etaM,-0.01829268573,0.01829268573,0.009779706697,0.002984139072,True
RA,eta13,-0.02818152796,0.02818152796,0.01187419189,0.003717023538,False
RA,etaB13,-0.009154437061,0.009154437061,0.004315025273,0.001328914788,False
RA,etaBM,-0.008599668888,0.008599668888,0.005977493246,0.002003020894,True
RA,etaBC,-0.05418419493,0.05418419493,0.009875777967,0.003087289143,False
RA,lambdaC,-0.1060153924,0.1060153924,0.01950455659,0.006461760511,False
RA,lambdaP,0.01842484259,0.01842484259,0.01120476801,0.003368679615,True
RA,lambda5,0.01985011119,0.01985011119,0.01186809028,0.003686901631,True
RA,rhoB,-0.003610895772,0.003610895772,0.001842515748,0.0006093010346,True
RA,rho13,-0.008861152001,0.008861152001,0.005165179031,0.001645578876,True
CYP26A1,thetaP,-0.1686868109,0.1686868109,0.09535374594,0.03065538676,True
CYP26A1,DR,0.02337910642,0.02377879985,0.01402725424,0.004451461367,True
CYP26A1,AR,0.006245246154,0.006633582103,0.003630344452,0.00105034226,True
CYP26A1,etaR,-0.1574873244,0.1574873244,0.07515896743,0.02398234901,False
CYP26A1,etaM,0.1200670846,0.1200670846,0.05730701279,0.01778136509,False
CYP26A1,eta13,0.2243327354,0.2243327354,0.07321712455,0.0224546772,False
CYP26A1,etaB13,0.07489383768,0.07489383768,0.03037882298,0.009876662762,False
CYP26A1,etaBM,0.05676351373,0.05676351373,0.03290001664,0.0111983673,True
CYP26A1,etaBC,0.5474442736,0.5474442736,0.1239658298,0.03984544964,False
CYP26A1,lambdaC,-0.04941868766,0.04988777971,0.02588188011,0.0070180895,True
CYP26A1,lambdaP,-0.1415000117,0.1415000117,0.07959036988,0.02466492431,True
CYP26A1,lambda5,-0.1352957822,0.1352957822,0.06121345174,0.02025267707,False
CYP26A1,rhoB,0.02976250383,0.02976250383,0.01416620259,0.004542630114,False
CYP26A1,rho13,0.07071156696,0.07071156696,0.03766793667,0.01268815817,True
Stemness,thetaP,-0.4477785176,0.4477785176,0.1219833921,0.03751123241,False
Stemness,DR,-0.04110948472,0.04110948472,0.01368634998,0.004185850731,False
Stemness,AR,-0.01808580663,0.01808580663,0.004618139999,0.001464818933,False
Stemness,etaR,-0.4415294888,0.4415294888,0.1076779628,0.03405143207,False
Stemness,etaM,0.3329681202,0.3329681202,0.08840331353,0.03003380535,False
Stemness,eta13,0.5329236132,0.5329236132,0.1381608913,0.04766892131,False
Stemness,etaB13,0.3709237196,0.3709237196,0.1357148815,0.03778433755,False
Stemness,etaBM,0.1607165108,0.1607165108,0.02885012739,0.007896157736,False
Stemness,etaBC,0.08153405183,0.08153405183,0.02711296563,0.007793013794,False
Stemness,lambdaC,0.1232323197,0.1232323197,0.03157327597,0.009890161846,False
Stemness,lambdaP,-0.2875990376,0.2875990376,0.07792938426,0.02443407227,False
Stemness,lambda5,-0.2584423749,0.2584423749,0.05850092589,0.017580109,False
Stemness,rhoB,0.08178476079,0.08178476079,0.03020308191,0.01043938034,False
Stemness,rho13,0.1776286685,0.1776286685,0.06126619139,0.01993197786,False
